import_short_name,repo,cat,isML,comments
os,178,,,
sys,162,,,
re,148,,,
numpy,122,STAT,,
collections,117,,,
time,111,,,
random,94,,,
json,88,,,
math,78,,,
nltk,69,NLP,,
pickle,68,,,
argparse,67,,,
logging,62,,,
setuptools,60,,,
datetime,59,,,
codecs,58,,,
sklearn,57,ML,Y,
itertools,55,,,
subprocess,50,,,
csv,49,,,
unittest,48,,,
urllib,47,,,
string,45,,,
copy,43,,,
tensorflow,42,ML,Y,
cPickle,40,,,
operator,39,,,
pandas,35,WRANGLE,,"Not included as ML, as primarily for data wrangling"
shutil,33,,,
scipy,32,STAT,,
functools,32,,,
matplotlib,29,VIS,,
threading,29,,,
warnings,27,,,
inspect,27,,,
distutils,27,,,
hashlib,27,,,
gensim,26,NLP,,
io,24,,,
utils,23,,,
pprint,23,,,
urllib2,23,,,
six,22,,,
tempfile,22,,,
requests,22,,,
glob,22,,,
keras,21,ML,Y,
socket,21,,,
multiprocessing,20,,,
unicodedata,19,,,
gzip,19,,,
optparse,19,,,
tarfile,18,,,
xml,18,,,
zipfile,18,,,
traceback,18,,,
torch,18,ML,Y,
tqdm,17,,,
base64,16,,,
bs4,15,,,
flask,15,,,
platform,15,,,
doctest,14,,,
uuid,14,,,
yaml,14,,,
pdb,14,,,
getopt,14,,,
abc,14,,,
Queue,13,,,
model,13,,,
struct,12,,,
importlib,12,,,
models,12,LOCAL,,A search for “import models” reveals that in most cases this is an internal model being imported
Cython,12,,,
StringIO,12,,,
types,12,,,
errno,12,,,
theano,12,ML,Y,
urlparse,11,,,
textwrap,11,,,
contextlib,11,,,
spacy,11,NLP,,
gc,11,,,
tweepy,11,,,Twitter
util,10,,,
IPython,10,,,
wave,10,,,
pkg_resources,10,,,
heapq,10,,,
simplejson,9,,,
pytest,9,,,
ctypes,9,,,
mock,9,,,
librosa,9,,,"https://librosa.github.io/librosa/ - python package for music and audio analysis. Includes DSP tools for FFT, etc."
google,9,,,"Not to be confused with the “google” module on pypi (unknown author), some google packages (e.g. google.protobuf) are in google namespace"
jieba,9,NLP,,https://github.com/fxsjy/jieba - Chinese text segmentation
httplib,9,,,
imp,9,,,
HTMLParser,9,,,
pylab,8,VIS,,
getpass,8,,,
ast,8,,,
atexit,8,,,
signal,8,,,
cgi,8,,,
data,8,,,
textblob,8,NLP,,
thread,8,,,
nose,8,,,
fnmatch,8,,,
zlib,8,,,
PIL,8,,,Python Imaging Library
stat,8,,,
pyaudio,7,,,
mimetypes,7,,,
array,7,,,
sqlite3,7,,,
select,7,,,
cStringIO,7,,,
config,7,,,
configparser,7,,,
pstats,7,,,
timeit,7,,,
ConfigParser,7,,,
email,7,,,
data_utils,7,,,
h5py,7,,,
tests,6,,,
bisect,6,,,
queue,6,,,
lxml,6,,,
weakref,6,,,
redis,6,,,
decimal,6,,,
htmlentitydefs,6,,,
cProfile,6,,,
bz2,6,,,
locale,6,,,
fcntl,6,,,
sets,6,,,
shlex,6,,,
html,6,,,
tornado,6,,,
difflib,6,,,
UserDict,6,,,
hmac,5,,,
api,5,,,
text_cnn,5,LOCAL,,Is a local module (code exists in multiple repos)
Stemmer,5,LOCAL,,Is a local module. Many implementations of Stemmers.
Cookie,5,,,
tensorboardX,5,VIS,,
BaseHTTPServer,5,,,
readline,5,,,
__builtin__,5,,,
audioop,5,,,
http,5,,,
typing,5,,,
src,5,,,
urllib3,5,,,
md5,5,,,
enum,5,,,
wsgiref,5,,,
tokenizer,5,,,
exceptions,5,,,
pathlib,5,,,
django,5,,,
MySQLdb,5,,,
pkgutil,5,,,
torchtext,5,NLP,,
features,4,,,
concurrent,4,,,
binascii,4,,,
elasticsearch,4,,,
marshal,4,,,
token,4,,,
sentiment,4,,,
__main__,4,,,
shelve,4,,,
boto3,4,,,
termios,4,,,
regex,4,,,
tokenize,4,,,
scrapy,4,,,
chainer,4,,,
webbrowser,4,,,
lib,4,,,
dummy_threading,4,,,
pexpect,4,,,
dummy_thread,4,,,
ssl,4,,,
pygame,4,,,
main,4,,,
linecache,4,,,
dateutil,4,,,
unidecode,4,,,
filecmp,4,,,
data_helpers,4,,,
gevent,4,,,
search,3,,,
scikits,3,STAT,,https://www.scipy.org/scikits.html - add-on packages for SciPy
sre_constants,3,,,
botocore,3,,,
builtins,3,,,
eventlet,3,,,
flup,3,,,
speech_recognition,3,NLP,,
input_data,3,,,
smtplib,3,,,
jinja2,3,,,
settings,3,,,
BeautifulSoup,3,,,
pocketsphinx,3,,,
evaluate,3,,,
corpus,3,,,
posixpath,3,,,
datasets,3,,,
jsonschema,3,,,
data_loader,3,,,
joblib,3,,,
parser,3,,,
psutil,3,,,
psycopg2,3,,,
pyasn1,3,,,
pydoc,3,,,
pymongo,3,,,
core,3,,,
logger,3,,,
pyspark,3,,,
numbers,3,,,
keyword,3,,,
hmm,3,LOCAL,,
rdflib,3,,,
colorama,3,,,
networkx,3,,,
cnn,3,LOCAL,,Local module
resource,3,,,
cherrypy,3,,,
chardet,3,,,
code,3,,,
zmq,3,,,
tflearn,3,ML,Y,
text,3,,,
__version__,3,,,
utilities,3,,,
twisted,3,,,
unicodecsv,3,,,
tagger,3,,,
MeCab,3,NLP,,https://en.wikipedia.org/wiki/MeCab - MeCab is an open-source text segmentation library for use with text written in the Japanese language
train,3,LOCAL,,"Seems to be a local module. Rather than https://pypi.org/project/train/ (A library to build and train reinforcement learning agents in OpenAI Gym environments, 0 stars)"
pytorch_pretrained_bert,2,ML,Y,
pytz,2,,,
pysqlite2,2,,,
pywintypes,2,,,
constants,2,,,
Crypto,2,,,
misc,2,,,
cookielib,2,,,
pythainlp,2,NLP,,
stockretriever,2,,,
memcache,2,,,
copy_reg,2,,,
fileinput,2,,,
pymorphy2,2,NLP,,
mod_python,2,,,
feedparser,2,,,
KaggleWord2VecUtility,2,LOCAL,,
cryptography,2,,,
pygments,2,,,
wget,2,,,
fapws,2,,,
CONTENT_TYPE_FORM_URLENCODED,2,,,
werkzeug,2,,,
query,2,,,
ujson,2,,,
ez_setup,2,,,
OAuth1,2,,,
cgitb,2,,,
gettext,2,,,
rlcompleter,2,,,
xgboost,2,ML,Y,https://xgboost.readthedocs.io/en/latest/python/python_intro.html
loader,2,,,
OpenSSL,2,,,
responses,2,,,
classifier,2,,,
AuthorizationEndpoint,2,,,
lstm,2,LOCAL,,
requests_oauthlib,2,,,
future,2,,,
_collections,2,,,
ftplib,2,,,
lzma,2,,,
ftfy,2,,,
frog,2,NLP,,"https://github.com/proycon/python-frog - Python bindings to the dutch NLP tool Frog (pos tagger, lemmatiser, NER tagger, morphological analysis, shallow parser, dependency parser) "
_abcoll,2,,,
fractions,2,,,
common,2,,,
ws4py,2,,,
webapp2,2,,,
ra2616Test,2,,,Local module - https://github.com/rohanag/StockMarketSentimentAnalysis
maxent,2,,,
fabric,2,,,
py_compile,2,,,
cv2,2,,,
ntpath,2,,,
plac,2,,,
emoji,2,,,
pip,2,,,
nn,2,,,
win32api,2,,,
SIGNATURE_RSA,2,,,
SIGNATURE_TYPE_AUTH_HEADER,2,,,
tkinter,2,,,
diesel,2,,,
ntlm,2,,,
dill,2,,,
pdfminer,2,,,
SIGNATURE_TYPE_BODY,2,,,
tree,2,,,
paste,2,,,
past,2,,,
win32con,2,,,
oauthlib,2,,,
parse,2,,,
SIGNATURE_TYPE_QUERY,2,,,
win32file,2,,,
org,2,,,
ordereddict,2,,,
doc,2,,,
docopt,2,,,
opts,2,,,
enchant,2,,,
news,2,,,
decoder,2,,,
new,2,,,
mx,2,,,
pwd,2,,,
cx_Oracle,2,,,
mydatasets,2,,,
psyco,2,,,
naivebayes,2,LOCAL,,
progressbar,2,,,
progress,2,,,
profile,2,,,
dask,2,,,"https://dask.org/ - “Dask provides advanced parallelism for analytics, enabling performance at scale for the tools you love  “"
data_helper,2,,,
RequestTokenEndpoint,2,,,
data_util,2,,,
ndg,2,,,
preprocessing,2,,,
dataset,2,WRANGLE,,"https://dataset.readthedocs.io/en/latest/ - databases for lazy people (seems to be more a data managment/wrangling tool. If we include pandas, then perhaps it should also be included)"
ResourceEndpoint,2,,,
word,2,,,
widgets,2,,,
netrc,2,,,
SIGNATURE_HMAC,2,,,
SIGNATURE_METHODS,2,,,
pos,2,LOCAL,,Parts Of Speech?
porter,2,,,
encodings,2,,,
certifi,2,,,
com,2,,,
speech,2,,,
xmltodict,2,,,
iconv_codec,2,,,
tables,2,WRANGLE,,https://www.pytables.org/ - “PyTables is a package for managing hierarchical datasets and designed to efficiently and easily cope with extremely large amounts of data”
alex_asr,2,NLP,,https://pypi.org/project/alex_asr/ - Incremental speech recognition decoder for Kaldi NNET2 and GMM models.  
_winreg,2,,,
seaborn,2,VIS,,https://seaborn.pydata.org/ - seaborn: statistical data visualization¶ 
sqlalchemy,2,,,
sphinxbase,2,,,
sphinx_rtd_theme,2,,,
_thread,2,,,
sphinx,2,,,
html2text,2,,,
_pickle,2,,,
backports,2,,,
backend,2,,,
ipdb,2,,,
layers,2,,,
yargy,2,,,
irc,2,,,
bjoern,2,,,
httplib2,2,,,
gtk,2,,,
attr,2,,,
version,2,,,
blinker,2,,,
gunicorn,2,,,
socketserver,2,,,
java,2,,,
keyring,2,,,
AccessTokenEndpoint,2,,,
learner,2,LOCAL,,"Appears to be local module. Not to be confused with https://pypi.org/project/learner/ (learner: One learner to learn the world, no doc)"
sgmllib,2,,,
calendar,2,,,
your_validator,2,,,
cache,2,,,
xmlrpclib,2,,,
libraries,2,,,
stem,2,,,
apex,2,ML,Y,https://github.com/NVIDIA/apex - A PyTorch Extension: Tools for easy mixed precision and distributed training in Pytorch 
site,2,,,
basic,2,,,
sha,2,,,
bson,2,,,
rules,2,,,
visdom,2,VIS,,"https://github.com/facebookresearch/visdom - A flexible tool for creating, organizing, and sharing visualizations of live, rich data. Supports Torch and Numpy. "
hotshot,2,,,
jsonpickle,2,,,
leven,2,,,https://pypi.org/project/leven/ - Levenshtein edit distance library for Python
skimage,2,,,"https://en.wikipedia.org/wiki/Scikit-image - Image processing for scipy. Not classified, as does not make sense to have an IMAGE processing category for an analysis of NLP/ML projects. Could potentially be classified as STAT, but this may lead to misleading results."
extra_views,1,,,
hotCode,1,,,
hotcode,1,,,
extensions,1,,,
54277804,1,,,
Markup,1,,,
execute,1,,,
extras,1,,,
Renderer,1,,,
english_1st_fgen,1,,,
epitran,1,,,
extractor,1,,,
LockTimeout,1,,,
errors,1,,,
M2Crypto,1,,,
extraction_generator,1,,,
html5lib,1,,,
evaluator,1,,,
extenteten,1,,,
extraction_filterer,1,,,
extract_features,1,,,
eventfd,1,,,
hotel_sentiment,1,,,
htmllib,1,,,
git,1,,,
47544193,1,,,
engerek,1,,,
easylstm,1,,,
26073196,1,,,
easy_install,1,,,
east,1,,,
iepy,1,,,
dynet,1,,,
LABELS,1,,,
dynamic_loss_scaler,1,,,
durmodel_utils,1,,,
durmodel_elements,1,,,
ijson,1,,,
SendMail,1,,,
images,1,,,
imaplib,1,,,
imblearn,1,,,
dsml,1,,,
dropbox,1,,,
imdb,1,,,
dragonfly,1,,,
ed25519ll,1,,,
idna,1,,,
id_feature,1,,,
hvector,1,,,
LockFailed,1,,,
3932246,1,,,
encode,1,,,
hue,1,,,
en,1,,,
hmmlearn,1,,,
emstep,1,,,
emoticons,1,,,
CaboCha,1,,,
CharRNN,1,,,
embed,1,,,
hyperparams,1,,,
iceaddr,1,,,
iceweather,1,,,
edits1_comb,1,,,
26118292,1,,,
icu,1,,,
edit_distance_extractor,1,,,
hmmtagger,1,,,
hidden,1,,,
MongoDBIO,1,,,
PyQt5,1,,,
frontend,1,,,
googlekey,1,,,
goose,1,,,
PropertySets,1,,,
frequency,1,,,
freeze,1,,,
fpdf,1,,,
fp16,1,,,
forward_backward,1,,,
docx2txt,1,,,
fst,1,,,
forms,1,,,
PySide,1,,,
gpuarray_shared_constructor,1,,,
grammar,1,,,
greenlet,1,,,
formatter,1,,,
grequests,1,,,
form_tag_lemma_dict,1,,,
font2char2word2sent2doc,1,,,
Progress,1,,,
googleapiclient,1,,,
folia,1,,,
AuthenticationError,1,,,
glm_parser,1,,,
Analysis,1,,,
gluon,1,,,
OpenGL,1,,,
geoapp,1,,,
geo,1,,,
gnumpy,1,,,
Orange,1,,,
AnyQt,1,,,
NotMyLock,1,,,
fuel,1,,,
generator,1,,,
generate_streaming_test_wav,1,,,
gobject,1,,,
future_math,1,,,
gold,1,,,
Pedals,1,,,
function,1,,,
PhraseLevel,1,,,
good_turing,1,,,
QtUI,1,,,
gridfs,1,,,
KaggleWord2VecUtility_Dheeraj,1,,,
featureExtractor,1,,,
fgom,1,,,
CNN_text,1,,,
fetcher,1,,,
NER,1,,,
featureforge,1,,,
feature_vector,1,,,
feature_set,1,,,
feature_generator_base,1,,,
Actions,1,,,
gi,1,,,
Bio,1,,,
feature,1,,,
fdb,1,,,
RefreshClient,1,,,
fastparser,1,,,
fastai,1,,,
highlighter,1,,,
falcon,1,,,
factory,1,,,
histdata,1,,,
CGIHTTPServer,1,,,
fgom2,1,,,
grp,1,,,
RNN,1,,,
gsitk,1,,,
gst,1,,,
flickrapi,1,,,
flaskr_tests,1,,,
flask_cors,1,,,
flask_caching,1,,,
guppy,1,,,
gym,1,,,
flaky,1,,,
AlreadyLocked,1,,,
fields,1,,,
NotLocked,1,,,
flake8,1,,,
firebirdsql,1,,,
hanziconv,1,,,
hazm,1,,,
filter,1,,,
fileutils,1,,,
hdplda2,1,,,
Recognizer,1,,,
dpn,1,,,
ConvGrad3D,1,,,
Cheetah,1,,,
DistlibException,1,,,
ccg,1,,,
catalogue,1,,,
capschunking,1,,,
cachetools,1,,,
_imp,1,,,
_jsonnet,1,,,
Douban,1,,,
_ldap,1,,,
builder,1,,,
bsddb3,1,,,
DragonflyNode,1,,,
brnn_weighted,1,,,
Elements,1,,,
brnn,1,,,
bpython,1,,,
bottle,1,,,
_manylinux,1,,,
_pytest,1,,,
IPy,1,,,
bool_from_request,1,,,
bookwormDB,1,,,
booknames,1,,,
book,1,,,
bokeh,1,,,
bn_lstm,1,,,
blueprintapp,1,,,
_rjsmin,1,,,
cchardet,1,,,
celery,1,,,
Image,1,,,
cmd,1,,,
cobe,1,,,
cntk,1,,,
_ast,1,,,
cnn_text_trainer,1,,,
cnn_model,1,,,
cnn_lstm,1,,,
cnn_graph,1,,,
cnn4nlp,1,,,
cmu_sphinx4,1,,,
cmemcached,1,,,
cmemcache,1,,,
DomainClassifier,1,,,
cloudasr,1,,,
_image,1,,,
clint,1,,,
cld,1,,,
IncrementalDecoder,1,,,
cjkcodecs,1,,,
cityloc,1,,,
_frozen_importlib,1,,,
chatterbox,1,,,
_frozen_importlib_external,1,,,
charade,1,,,
char2image,1,,,
chapter,1,,,
chainmap,1,,,
blstm_s,1,,,
blocks_extras,1,,,
blocks,1,,,
artagger,1,,,
HTTPSConnectionPool,1,,,
GenericCache,1,,,
attrs,1,,,
attribute_clusterer,1,,,
attribute_classifier,1,,,
attention_lstm,1,,,
att_lstm_lg,1,,,
aerolito,1,,,
ahocorasick,1,,,
asr,1,,,
aiapplied,1,,,
article,1,,,
aifc,1,,,
automators,1,,,
allennlp,1,,,
arguments,1,,,
HAN_model,1,,,
argtyp,1,,,
GtkUI,1,,,
appindicator,1,,,
altbayes,1,,,
appdirs,1,,,
app,1,,,
amara,1,,,
analysis,1,,,
anydbm,1,,,
audiosource,1,,,
aeneas,1,,,
bllipparser,1,,,
adversarial_tools,1,,,
blitzdb,1,,,
bitext,1,,,
_sre,1,,,
bindb,1,,,
_systemrestart,1,,,
bin,1,,,
EventList,1,,,
bilstm,1,,,
HiddenMarkovModel,1,,,
adadelta,1,,,
bigrams,1,,,
EventLoop,1,,,
better_jsonify,1,,,
baaz,1,,,
best_online_model,1,,,
EventThread,1,,,
bdb,1,,,
batchgen,1,,,
basic_scipy,1,,,
baselines,1,,,
ExpectsAxisLabels,1,,,
base,1,,,
bascat,1,,,
FinishAfter,1,,,
bank,1,,,
balkans,1,,,
codec,1,,,
__pypy__,1,,,
docutils,1,,,
color_print,1,,,
deduper,1,,,
decouple,1,,,
decorators,1,,,
decode,1,,,
Infinite,1,,,
debug,1,,,
dcnn_train,1,,,
SocketServer,1,,,
dcnn,1,,,
db,1,,,
datumbox,1,,,
SourcewiseTransformer,1,,,
ConvTransp3D,1,,,
SpellCorrector,1,,,
dataloader,1,,,
IncrementalEncoder,1,,,
data_manager,1,,,
Styles,1,,,
data_load,1,,,
Sybase,1,,,
dataHelper,1,,,
TFNN,1,,,
dal,1,,,
TextConfig,1,,,
TextGraphics,1,,,
da,1,,,
TextMain,1,,,
ansi,1,,,
SimpleXMLRPCServer,1,,,
Conv3D,1,,,
distributions,1,,,
SentenceLevel,1,,,
ConnectionError,1,,,
docs,1,,,
dns,1,,,
dldist,1,,,
Constants,1,,,
dl4nlp,1,,,
dl,1,,,
djfrontend,1,,,
IntegrityError,1,,,
djangular,1,,,
SentenceSplitter,1,,,
distributed,1,,,
deepnl,1,,,
SessionContext,1,,,
discriminator,1,,,
dis,1,,,
Context,1,,,
InformationSearcher,1,,,
Settings,1,,,
dfly_server,1,,,
dependencymatcher,1,,,
dependency_tree,1,,,
dep_tree_loader,1,,,
densenet,1,,,
defusedxml,1,,,
cytoolz,1,,,
cymaxent,1,,,
cyhmm,1,,,
WindowEventWatcher,1,,,
convert,1,,,
contrib,1,,,
UserList,1,,,
conllu,1,,,
Utils,1,,,
conlleval,1,,,
conll_tree_loader,1,,,
configure_data,1,,,
configurations,1,,,
Window,1,,,
config_package_app,1,,,
config_module_app,1,,,
_MAX_TEXT_LENGTH_VIA_URL,1,,,
UTF8,1,,,
conceptnet,1,,,
compileall,1,,,
compat,1,,,
compare,1,,,
_MAX_URL_LENGTH,1,,,
common_extraction_generator,1,,,
_MAX_UUID_LENGTH,1,,,
DBfuncs,1,,,
colorsys,1,,,
colorlover,1,,,
__armando__,1,,,
__future__,1,,,
copyreg,1,,,
corenlp,1,,,
cx_Freeze,1,,,
crypt,1,,,
TextMining,1,,,
cutils_ext,1,,,
TextProcess,1,,,
cupy,1,,,
cudamat,1,,,
cuda_ndarray,1,,,
cubriddb,1,,,
Tkinter,1,,,
Tokenizer_it,1,,,
ctcdecode,1,,,
csv_writer,1,,,
csc_utils,1,,,
crp,1,,,
corpora,1,,,
crf,1,,,
crds,1,,,
crawler_reuters,1,,,
LockBase,1,,,
crawler,1,,,
country_list,1,,,
countermap,1,,,
counter,1,,,
Treebank,1,,,
couchdb,1,,,
correct,1,,,
USER_AGENT,1,,,
Levenshtein,1,,,
manual_analyses,1,,,
indicnlp,1,,,
tabnanny,1,,,
sitecustomize,1,,,
skipthoughts,1,,,
sklearn_crfsuite,1,,,
skyttle,1,,,
slapd,1,,,
smart_open,1,,,
smor_getpos,1,,,
snorkel,1,,,
snowballstemmer,1,,,
snowboydetect,1,,,
socketIO_client,1,,,
socks,1,,,
sounddevice,1,,,
spacy_hook,1,,,
spaghetti,1,,,
site_package,1,,,
site_egg,1,,,
site_app,1,,,
servicemanager,1,,,
sequence_encoders,1,,,
sequences,1,,,
serial,1,,,
server,1,,,
serverfiles,1,,,
service,1,,,
setup,1,,,
simpletal,1,,,
sgd,1,,,
shorttext,1,,,
similar,1,,,
simplebayes,1,,,
simplenlp,1,,,
simplesql,1,,,
span,1,,,
spark,1,,,
speech_commands_dataset,1,,,
sulci,1,,,
striprtf,1,,,
strongsmapping,1,,,
subdomaintestmodule,1,,,
subject_extraction,1,,,
subqueries,1,,,
suku,1,,,
summary,1,,,
stringparser,1,,,
sumy,1,,,
svmutil,1,,,
syllabifier,1,,,
symbols,1,,,
sympy,1,,,
sysconfig,1,,,
strings,1,,,
streamlit,1,,,
speech_data,1,,,
srsly,1,,,
speechrecognition,1,,,
speechvalley,1,,,
sqlparse,1,,,
sre_compile,1,,,
sre_parse,1,,,
srilmcc,1,,,
stanford_corenlp_python,1,,,
straeto,1,,,
stanford_corenlp_pywrapper,1,,,
statistics,1,,,
stats,1,,,
stemming,1,,,
stock,1,,,
storage,1,,,
sequence_classifier,1,,,
sentimental,1,,,
sentiment_mod,1,,,
resource_cache,1,,,
reprlib,1,,,
repustate,1,,,
requirements,1,,,
resnet,1,,,
resnext,1,,,
resolve_readings,1,,,
response,1,,,
replaceExpand,1,,,
restricted,1,,,
reuters,1,,,
revtok,1,,,
rewrite,1,,,
reynir,1,,,
reynir_correct,1,,,
repoze,1,,,
reparameterization,1,,,
rfc822,1,,,
recommonmark,1,,,
reach,1,,,
reader,1,,,
readers,1,,,
recnn,1,,,
recnn_train,1,,,
recnn_util,1,,,
redisbayes,1,,,
rels,1,,,
rednose,1,,,
reducer,1,,,
refo,1,,,
regular_expression,1,,,
reindent,1,,,
relatedwidget,1,,,
rfc6749,1,,,
rnn,1,,,
sentiment_classifier,1,,,
self_sent,1,,,
scan_perform,1,,,
sched,1,,,
scotch,1,,,
scraper,1,,,
scrapers,1,,,
scripts,1,,,
semantria,1,,,
sapdb,1,,,
semantria_api,1,,,
semaphore_directories,1,,,
senpy,1,,,
sentencepiece,1,,,
senti_classifier,1,,,
sentigem,1,,,
scan,1,,,
sane_re,1,,,
rnn2deep,1,,,
rntn,1,,,
rnn_changed,1,,,
rnn_model,1,,,
rnn_simple,1,,,
rnn_weighted,1,,,
rnncell,1,,,
rnnlm,1,,,
rocket,1,,,
samr,1,,,
roman,1,,,
routes,1,,,
rptag,1,,,
rpy2,1,,,
rpyc,1,,,
sample,1,,,
systran_nlp_api,1,,,
tarballfetcher,1,,,
random_data_generator,1,,,
tc,1,,,
utg,1,,,
utils_nlp,1,,,
utils_plots,1,,,
vad,1,,,
validators,1,,,
variant,1,,,
vectors,1,,,
verse,1,,,
vgg,1,,,
viralheat,1,,,
visualize,1,,,
viterbi,1,,,
vocab,1,,,
vocabulary,1,,,
wand,1,,,
usercustomize,1,,,
user,1,,,
url_file_reader,1,,,
twokenize,1,,,
trends,1,,,
tutorials,1,,,
tweet,1,,,
tweetokenize,1,,,
tweetstream,1,,,
twitterapistuff,1,,,
twython,1,,,
url_fetcher,1,,,
typos,1,,,
tzwhere,1,,,
ucto,1,,,
ufal,1,,,
unittest2,1,,,
universal_tagger,1,,,
warpctc_pytorch,1,,,
warpctc_tensorflow,1,,,
wasabi,1,,,
yahoo_finance,1,,,
wordset,1,,,
wsgitools,1,,,
xdg,1,,,
xerox,1,,,
xgb_classifier,1,,,
xmlrpc,1,,,
yelp,1,,,
wordUtils,1,,,
youtube_crawler,1,,,
youtube_searcher,1,,,
zemberek,1,,,
zh_wiki,1,,,
zhtools,1,,,
zipimport,1,,,
wordcloud,1,,,
word2vec_helpers,1,,,
wav_processor,1,,,
wikipedia,1,,,
web2py,1,,,
webrtcvad,1,,,
weight,1,,,
wheel,1,,,
wideresnet,1,,,
wikiapi,1,,,
win32com,1,,,
word2number,1,,,
win32event,1,,,
win32gui,1,,,
win32service,1,,,
win32serviceutil,1,,,
wincertstore,1,,,
winreg,1,,,
treeutil,1,,,
tree_stat,1,,,
trdg,1,,,
text_abcnn,1,,,
test_storage,1,,,
test_template,1,,,
test_tweetokenize,1,,,
test_util,1,,,
test_utils,1,,,
testtools,1,,,
text_ann,1,,,
test_router,1,,,
text_cnn_rnn,1,,,
text_crnn,1,,,
text_fast,1,,,
text_from_request,1,,,
text_han,1,,,
text_rcnn,1,,,
test_routes,1,,,
test_markmin,1,,,
text_sann,1,,,
test,1,,,
tchelpers,1,,,
template,1,,,
tensorboard,1,,,
tensorboard_util,1,,,
termcolor,1,,,
termextract,1,,,
test_cache,1,,,
test_markdown2,1,,,
test_contribs,1,,,
test_dal,1,,,
test_html,1,,,
test_is_url,1,,,
test_ja_unit_tests_data,1,,,
test_languages,1,,,
text_rnn,1,,,
text_unidecode,1,,,
transliterator,1,,,
transcribe,1,,,
toposort,1,,,
torchnet,1,,,
torchvision,1,,,
train_classifier,1,,,
train_model,1,,,
training,1,,,
transform,1,,,
tools,1,,,
transformer,1,,,
transformer_utils,1,,,
transforms,1,,,
transforms_stft,1,,,
transforms_wav,1,,,
transition,1,,,
toolz,1,,,
tool,1,,,
textblob_aptagger,1,,,
tidy,1,,,
textclf,1,,,
textile,1,,,
textract,1,,,
thinc,1,,,
thr,1,,,
threshold,1,,,
timeout_urllib2,1,,,
tokyotyrant,1,,,
tinydb,1,,,
tischreader,1,,,
tkMessageBox,1,,,
tnt,1,,,
tnttagger,1,,,
tokenization,1,,,
ranking,1,,,
query_cache,1,,,
infer,1,,,
natlinkmain,1,,,
markov,1,,,
markupsafe,1,,,
matcher,1,,,
max_age,1,,,
maxentclassifier,1,,,
maximumentropy,1,,,
mdlog,1,,,
meinheld,1,,,
mercurial,1,,,
messages_pb2,1,,,
metric,1,,,
metric_utils,1,,,
midi,1,,,
midiutil,1,,,
migrate,1,,,
markdown2,1,,,
markdown,1,,,
marisa_trie,1,,,
lucene,1,,,
logreg,1,,,
logreg_utils,1,,,
lookup,1,,,
loss_scaler,1,,,
lstm_cnn,1,,,
lstm_sw,1,,,
lvsr,1,,,
marathon,1,,,
lxmls,1,,,
lymbix,1,,,
magic,1,,,
magpie,1,,,
main_app,1,,,
mako,1,,,
minimizer,1,,,
minitwit_tests,1,,,
missing_module,1,,,
my_settings,1,,,
mrjob,1,,,
msvcrt,1,,,
multiword_attr_identifier,1,,,
munkres,1,,,
muppet,1,,,
my_math_utils,1,,,
mydata,1,,,
mpd,1,,,
mypipeline,1,,,
myurl,1,,,
naivebayesclassifier,1,,,
namedtuple,1,,,
namedtuples,1,,,
natasha,1,,,
mpi4py,1,,,
morphologizer,1,,,
mixup,1,,,
moduleapp,1,,,
mkl,1,,,
mmap,1,,,
mnnl,1,,,
mobilenet,1,,,
model_components,1,,,
modes,1,,,
modules,1,,,
morphoconllu,1,,,
mongrel2,1,,,
monkeylearn,1,,,
monotonic,1,,,
mood,1,,,
morfessor,1,,,
morphgnt,1,,,
loc,1,,,
loader_4t,1,,,
load_data,1,,,
jsonrpclib,1,,,
itsdangerous,1,,,
jmespath,1,,,
jnius,1,,,
jpype,1,,,
jsonfield,1,,,
jsonref,1,,,
julia,1,,,
iter_decode,1,,,
jwt,1,,,
kaldi,1,,,
kaldi_argparse,1,,,
kaldi_io,1,,,
kaldigstserver,1,,,
kamus,1,,,
iter_encode,1,,,
isapi_wsgi,1,,,
keras_models,1,,,
installed_package,1,,,
infertweet,1,,,
inflect,1,,,
informixdb,1,,,
ingresdbi,1,,,
init_argparse,1,,,
inputs,1,,,
interface,1,,,
isapi,1,,,
internetarchive,1,,,
invoke,1,,,
iob_chunker,1,,,
ipaddr,1,,,
ipaddress,1,,,
ipymarkup,1,,,
keras_decomposable_attention,1,,,
keras_text,1,,,
lm,1,,,
lib2to3,1,,,
ldapurl,1,,,
ldif,1,,,
learn,1,,,
learning_rates,1,,,
lexicon,1,,,
lexicons,1,,,
lime,1,,,
lda_cvb0,1,,,
limpyd,1,,,
linearreader,1,,,
linkedcorpus,1,,,
linkedin,1,,,
listHelpers,1,,,
llda,1,,,
ldap,1,,,
lda,1,,,
kind,1,,,
lang_model,1,,,
kinterbasdb,1,,,
kmp,1,,,
knowyourgov,1,,,
kombu,1,,,
konlpy,1,,,
label_wav,1,,,
langconv,1,,,
lcp,1,,,
langid,1,,,
languages,1,,,
lasagne,1,,,
lattice,1,,,
layer,1,,,
lazylinker_ext,1,,,
natlink,1,,,
natto,1,,,
queries,1,,,
ner_model,1,,,
ptb,1,,,
ptvsd,1,,,
pulp,1,,,
py2exe,1,,,
pyamf,1,,,
pyasn1_modules,1,,,
pybgpranking,1,,,
pycnn,1,,,
pycrfsuite,1,,,
pycuda,1,,,
pydot,1,,,
pydot_ng,1,,,
pydub,1,,,
pyfscache,1,,,
pygpu,1,,,
psycopg2cffi,1,,,
psycopg,1,,,
protocol,1,,,
preshed,1,,,
preProcessing,1,,,
prediction_data,1,,,
prediction_input_data,1,,,
prepare,1,,,
preprocess,1,,,
preprocessor,1,,,
pretrained,1,,,
processors,1,,,
pretty,1,,,
prettyprint,1,,,
prettytable,1,,,
prob,1,,,
probablityModel,1,,,
processor,1,,,
pygpu_activated,1,,,
pygst,1,,,
pygtk,1,,,
pytube,1,,,
pysentiment,1,,,
pyspeak,1,,,
pytagcloud,1,,,
pytorch_transformers,1,,,
pyttsx,1,,,
pyttsx3,1,,,
pytyrant,1,,,
pyprind,1,,,
pyvi,1,,,
pywsd,1,,,
q1_softmax,1,,,
q2_initialization,1,,,
qnd,1,,,
qndex,1,,,
pyqtgraph,1,,,
pypln,1,,,
pyinotify,1,,,
pymouse,1,,,
pyjulius,1,,,
pykwalify,1,,,
pyld,1,,,
pylearn2,1,,,
pylibmc,1,,,
pyme,1,,,
pympler,1,,,
pypinyin,1,,,
pymysql,1,,,
pynhost,1,,,
pynlpl,1,,,
pynotify,1,,,
pyodbc,1,,,
pyparsing,1,,,
praw,1,,,
postagger,1,,,
postag,1,,,
odf,1,,,
numexpr,1,,,
numpy_impl,1,,,
numpydoc,1,,,
numpypy,1,,,
oauth2,1,,,
objgraph,1,,,
olipy,1,,,
norm,1,,,
omesa,1,,,
omorfi_pos,1,,,
omorfi_wrapper,1,,,
onnx,1,,,
onnx_caffe2,1,,,
opcode,1,,,
normalize,1,,,
noop,1,,,
openpyxl,1,,,
neural_network,1,,,
nertokenizer,1,,,
nervanagpu,1,,,
nerwindow,1,,,
net,1,,,
network,1,,,
networks,1,,,
neuralcoref,1,,,
nltk_data_download,1,,,
new_input_data,1,,,
ngram,1,,,
njunmt,1,,,
nlp,1,,,
nlpdatahandlers,1,,,
nlpnet,1,,,
openid,1,,,
opinionTokenizer,1,,,
posix,1,,,
pipes,1,,,
pg8000,1,,,
phrasematcher,1,,,
picklable_itertools,1,,,
piehid32,1,,,
pinyin,1,,,
pipeline_caller,1,,,
platoon,1,,,
people,1,,,
plistlib,1,,,
plot_util,1,,,
plotly,1,,,
plugins,1,,,
polarity_computer,1,,,
pos_tagger,1,,,
perc,1,,,
penntreebankreader,1,,,
orange,1,,,
paraphrase,1,,,
orangecanvas,1,,,
orangecontrib,1,,,
orangewidget,1,,,
ossaudiodev,1,,,
overrides,1,,,
param_util,1,,,
parsed_tree_loader,1,,,
pcm_messages_pb2,1,,,
parser_preparation,1,,,
parserstate,1,,,
parsimonious,1,,,
parsing_cust_review,1,,,
part11probing,1,,,
pcen,1,,,
16742762,1,,,
